{"count":1,"self":34.501248,"total":34.5562786,"children":{"InitializeActuators":{"count":1,"self":0.0020005,"total":0.0020005,"children":null},"InitializeSensors":{"count":1,"self":0.0010000999999999999,"total":0.0010000999999999999,"children":null},"AgentSendState":{"count":1440,"self":0.0130066,"total":0.0230119,"children":{"CollectObservations":{"count":288,"self":0.0030007999999999996,"total":0.0030007999999999996,"children":null},"WriteActionMask":{"count":288,"self":0,"total":0,"children":null},"RequestDecision":{"count":288,"self":0.0070044999999999994,"total":0.0070044999999999994,"children":null}}},"DecideAction":{"count":1440,"self":0.015007699999999999,"total":0.015007699999999999,"children":null},"AgentAct":{"count":1440,"self":0.014009599999999999,"total":0.014009599999999999,"children":null}},"gauges":{"FoodBird.CumulativeReward":{"count":4,"max":2.53101134,"min":2.26100445,"runningAverage":2.33900571,"value":2.27300334,"weightedAverage":2.38213181}},"metadata":{"timer_format_version":"0.1.0","start_time_seconds":"1652323240","unity_version":"2021.3.0f1","command_line_arguments":"C:\\Program Files\\Unity\\Hub\\Editor\\2021.3.0f1\\Editor\\Unity.exe -projectpath X:\\Transferable\\Projects\\MLProject -useHub -hubIPC -cloudEnvironment production -licensingIpc LicenseClient-tio -hubSessionId 965e8c90-cb25-11ec-8e23-bb6d87955b61 -accessToken qp4R_hOQTyJuxzXeVGoKlktX7rtJG-4npLX1irLExV4002f","communication_protocol_version":"1.5.0","com.unity.ml-agents_version":"2.0.1","scene_name":"SampleScene","end_time_seconds":"1652323274"}}